Wavelength,NADH_Coeff,PYR_Coeff
243.0,8.371429802122453,0.18817066910241587
244.0,8.736969783759415,0.17298968475641585
245.0,9.114068525407871,0.15855122084660397
246.0,9.54346668508936,0.14514056290734656
247.0,10.003542905738989,0.13295082526635643
248.0,10.462398492006672,0.12175993400045544
249.0,10.928618511287217,0.11164992870671288
250.0,11.347194690265,0.10260363852618812
251.0,11.804609860759765,0.09442941269073267
252.0,12.227405720260414,0.08707157928163367
253.0,12.624584294600231,0.08045722942538615
254.0,12.995521215233351,0.07452426098365347
255.0,13.330708760595668,0.06916763758894061
256.0,13.621856941551297,0.06440157937532674
257.0,13.867301131723998,0.060163979483158415
258.0,14.041661391517993,0.056257871117930694
259.0,14.096931905724068,0.05272076389573268
260.0,14.14260809928231,0.04950254742465347
261.0,14.105406853324777,0.046560835130128715
262.0,13.985592241526316,0.04388951311017822
263.0,13.780798292009235,0.039192142691895804
264.0,13.520803321365726,0.03718580864155286
265.0,13.19839929417214,0.03534047707187159
266.0,12.772123435370428,0.033459240269168786
267.0,12.310655215005113,0.03187991618560553
268.0,11.351739384545125,0.03032109848310842
269.0,10.799902371326564,0.028892239897317186
270.0,10.142068107579295,0.02757082256799269
271.0,9.481923619152338,0.026295161806405995
272.0,8.791307257998227,0.025146682553004226
273.0,8.095469294206106,0.024067787975585158
274.0,7.390843434884928,0.023054616994834295
275.0,6.7278847060761615,0.02213368201338562
276.0,6.078177619099132,0.021292225208167627
277.0,5.465836728674093,0.0205052064868589
278.0,4.87307577900205,0.01978317713196963
279.0,4.322804880019424,0.019149191055969624
280.0,3.8048636861716036,0.019369636638872628
281.0,3.3304315711128893,0.01888372436249607
282.0,2.7710089653941727,0.018416952929813744
283.0,2.4483213253529734,0.01805755571943909
284.0,2.1644433119004027,0.01773376096270034
285.0,1.9304257615174147,0.017382125856006347
286.0,1.7601945945940933,0.017138291101549637
287.0,1.6390412426637022,0.016973550391004046
288.0,1.557637510989116,0.016815702155147844
289.0,1.5114034926562603,0.01672408622594508
290.0,1.493826377918374,0.0166777146164375
291.0,1.4973087735308501,0.016682007815872073
292.0,1.5176525113657557,0.01668167488886025
293.0,1.5557771611337994,0.0167829290892103
294.0,1.6026029827264308,0.016841935350839297
295.0,1.6588683108656548,0.01695636294870304
296.0,1.7237765374161285,0.01710388689001111
297.0,1.79709016933984,0.017292881624989605
298.0,1.8764500058820457,0.01748382313914896
299.0,1.964112685603918,0.017688330237179035
300.0,2.056019690124228,0.01792222005527474
301.0,2.1460627318870977,0.018073305006338466
302.0,2.251356056290266,0.018311860759850807
303.0,2.344767773256721,0.01848653694645298
304.0,2.454909907743113,0.0187056255514652
305.0,2.5590886394370758,0.018938094167021823
306.0,2.673637507290482,0.019096198398699627
307.0,2.7980214576462754,0.019260566259756924
308.0,2.9971586744845613,0.019483307525947464
309.0,3.1285635090947097,0.01965284347534283
310.0,3.2620348080702892,0.01968320037966812
311.0,3.3985466962937543,0.01906512655326605
312.0,3.5370199692457875,0.019179684068098807
313.0,3.676907846255381,0.019268315464480584
314.0,3.815704605644237,0.019328002240365627
315.0,3.9583340225918024,0.019383795304457132
316.0,4.096066239733897,0.019394104593495193
317.0,4.237193995360571,0.019410352072599384
318.0,4.379234477601286,0.019400887744146483
319.0,4.51584472525069,0.019392978407147633
320.0,4.650284650758757,0.019339410216483274
321.0,4.785597898012315,0.0192838463128712
322.0,4.917591361867919,0.019211661673555556
323.0,5.04289394096213,0.019096057536914648
324.0,5.1631698034903,0.01979401081140068
325.0,5.284031240623704,0.019655835996517018
326.0,5.399079391237902,0.01950069420224847
327.0,5.502077290166537,0.01929579109589723
328.0,5.618503083685898,0.019258850879605348
329.0,5.710197285091433,0.01908430403427744
330.0,5.798245162016204,0.018948299337423456
331.0,5.880246988808082,0.018785016686755814
332.0,5.951040422862581,0.018577013817226488
333.0,6.018036633192262,0.018373906238713593
334.0,6.07316464841762,0.018158612994109834
335.0,6.119860022811375,0.017915896750304576
336.0,6.163557572924847,0.01769579721721181
337.0,6.198640731097119,0.017411956161974048
338.0,6.216018581446872,0.017142323726379655
339.0,6.222349324082359,0.01685472666560075
340.0,6.220000000000001,0.016553906900207683
341.0,6.208374037891429,0.016252173610021663
342.0,6.190366015187011,0.015915188843478294
343.0,6.160730197590272,0.015543850913195302
344.0,6.121671730150442,0.015157845273642966
345.0,6.07244253138142,0.014782205289074913
346.0,6.0127606579575135,0.014355810282107292
347.0,5.944048045077044,0.01393257422197913
348.0,5.87034812049268,0.013492433771844616
349.0,5.781537499811813,0.013013743340101898
350.0,5.688820299275771,0.0125462999609481
351.0,5.580991791706984,0.012066936447507578
352.0,5.474332906027587,0.011583827032133242
353.0,5.34802229553362,0.011051089165186018
354.0,5.2206126253579255,0.010530864442213555
355.0,5.0925022206295125,0.010023169778245694
356.0,4.953550590963226,0.009501283977268868
357.0,4.815492443669438,0.008988982939966748
358.0,4.660889751980689,0.008442209501247203
359.0,4.505681630525578,0.007899380138907626
360.0,4.351044421396737,0.007375945496979048
361.0,4.18991610100437,0.006861714217111578
362.0,4.024452023751378,0.006362325245876597
363.0,3.8597952880058384,0.005871523051936117
364.0,3.691939121699681,0.0053833161599196894
365.0,3.523149762694283,0.004922252506992144
366.0,3.3559500386521663,0.004479120330348862
367.0,3.1860322954077525,0.004057886297580113
368.0,2.8065853145994586,0.00366076631457543
369.0,2.694458615229304,0.0032779506516575664
370.0,2.5707499581319047,0.0029262188984952786
371.0,2.417658376080123,0.002593962278324736
372.0,2.2896457198490037,0.002292030510963495
373.0,2.1464464614562586,0.0020140227169577014
374.0,2.0123593609815553,0.0017532657871215777
375.0,1.8683362379311323,0.0015245152223608443
376.0,1.741240964004957,0.0013212081071228474
377.0,1.6141373828594778,0.0011272719526820886
378.0,1.490039957791188,0.0009727375477653361
379.0,1.3758333817271577,0.0008395407069516705
380.0,1.2616286981364218,0.0007214052754146496
381.0,1.1567504888572278,0.0006180079756546305
382.0,1.0590830185240632,0.0005392411069023887
383.0,0.9599755976363686,0.0004747385222272042
384.0,0.8687511613345409,0.0004198759872250615
385.0,0.7842496238314401,0.00037630807123204506
386.0,0.7068804965666201,0.0003415576504048091
387.0,0.6341519582273483,0.0003162455855812237
388.0,0.5666802667547879,0.0002957028762179192
389.0,0.5081591602683684,0.0002796280791783985
390.0,0.45219724220593993,0.0002516721621440362
391.0,0.40301865918249397,0.0002473908448501706
392.0,0.3573656054028879,0.00024418050964375844
393.0,0.31741798826136924,0.00024469802610427744
394.0,0.2816200968577184,0.00023050162917181174
395.0,0.24824516041856548,0.00021691886539123878
396.0,0.22084815211481965,0.00022436242171399093
397.0,0.19483309130526916,0.00022063199683207679
398.0,0.1729030189203048,0.00023186610772438695
399.0,0.15390595976800386,0.0002325013860500754
400.0,0.13531133371549192,0.00021201487089302434
401.0,0.1199467408049172,0.0002103273040405523
402.0,0.10714654676452842,0.00021479657865145621
403.0,0.09538197770594696,0.00021314738279660345
404.0,0.08562768166878908,0.0002167334812814062
405.0,0.07670078945839191,0.00021818870306420122
406.0,0.06941535928280242,0.00022034463064209188
407.0,0.06177842073000425,0.00020544249503785412
408.0,0.05602884278003239,0.00020566367694294102
409.0,0.05232222601511465,0.00021781528595174986
410.0,0.04732651580791453,0.00021452408405999522
411.0,0.043501730096493024,0.00020961013731973652
412.0,0.040451211509689486,0.00021143699768677089
413.0,0.03849358364060315,0.00022080988839044523
414.0,0.03608392513980246,0.0002191958848578684
415.0,0.0331619472337829,0.00021034066199127053
416.0,0.031857812319816485,0.00021575055569684944
417.0,0.03025476502493118,0.00021500224565851913
418.0,0.02913449489682192,0.00021478144217276405
419.0,0.02825228309322963,0.00021665272811983175
420.0,0.027007503006369355,0.00021512288345663038
421.0,0.02634845551957752,0.00021811812920125386
422.0,0.026716258825053792,0.00022988076834838504
423.0,0.02486335597243566,0.00021721012923283864
424.0,0.02418393368269758,0.000213019895738116
425.0,0.024041580408686338,0.00021454202079826997
426.0,0.02370764499223936,0.00021498389267566063
427.0,0.02284919969603915,0.00020804146757185936
428.0,0.02438065253668982,0.00022894241972335524
429.0,0.02372111349962861,0.00022213073601761764
430.0,0.026038802740825914,0.00024746467306301084
431.0,0.024316972058120983,0.00023464160953194188
432.0,0.02183065612312632,0.0002095675281106261
433.0,0.022349734359419265,0.0002131188505188477
434.0,0.02429099356869236,0.0002341902395080549
435.0,0.023166004548059584,0.00022571880224791683
436.0,0.022294606874051822,0.00021554394266462977
437.0,0.02324408748118918,0.00022812444400880885
438.0,0.02238256999026449,0.00021943810648027934
439.0,0.022723780367212613,0.00022315880616752636
440.0,0.022450133724734023,0.00021933082663407662
441.0,0.022310729759348887,0.00021804437666645503
442.0,0.02345958359776779,0.00023332957889746843
443.0,0.021556616239638466,0.0002152290659114356
444.0,0.02235061915198648,0.0002234739856509007
445.0,0.02181824445070786,0.00021909515154757558
446.0,0.021753236783648995,0.0002163092812492659
447.0,0.021930883445418988,0.00021895090082874375
448.0,0.021704155380016677,0.00021707870668827867
449.0,0.021953789739092275,0.00021776639510253152
450.0,0.02186027209244472,0.00021891688157527178
451.0,0.021373464203017185,0.00021448533465447185
452.0,0.021684050929713438,0.00021611742628672325
453.0,0.022033052395558916,0.00021791397584072694
454.0,0.021542533292634263,0.00021377410900952305
455.0,0.021824487153437273,0.0002181193779572256
456.0,0.02224208461188482,0.00022123855368026346
457.0,0.02144901564712065,0.00021336534819506387
458.0,0.022274993974842644,0.00022240883111737162
459.0,0.02232781116922268,0.00022412413557789063
460.0,0.022548468574350687,0.00022576807150821363
461.0,0.021891215250923194,0.00022198675019784143
462.0,0.022368904862138664,0.00022258475492976744
463.0,0.02193525825194986,0.00021640100835647964
464.0,0.023360830929788176,0.00023215873384739306
465.0,0.023461525225975853,0.00023552440724561543
466.0,0.023420087446345626,0.00023589494843004522
467.0,0.02220000781466745,0.00022367333318109672
468.0,0.022497445542716484,0.0002239194524426633
469.0,0.023326324023996408,0.00023192180999976188
470.0,0.02258363907415552,0.0002230488774337751
471.0,0.022911725029552396,0.00022526190740576146
472.0,0.023238483795995375,0.00023032154282509324
473.0,0.02375013960704654,0.00023549704804936113
474.0,0.023802981378058658,0.00023774803275866994
475.0,0.023363018333337097,0.0002320745371390366
476.0,0.02372991226842858,0.00023739690412141897
477.0,0.023048179687239205,0.0002325129654645663
478.0,0.02318109517543029,0.00023266981730569002
479.0,0.02356199832345475,0.00023501707006689946
480.0,0.023387718789240786,0.0002322760416147131
481.0,0.023739669563300026,0.00023782621271446712
482.0,0.023359528318394124,0.00023388312020379334
483.0,0.02326077565062068,0.0002338974998608047
484.0,0.023343061347826027,0.0002362340814033013
485.0,0.021349476495988565,0.0002087714246182049
486.0,0.032723876662149674,0.0003347660225488453
487.0,0.02454977078245748,0.00026280376118577894
488.0,0.017813452631666966,0.00018196262619490515
489.0,0.022235645289037344,0.00022328228205190066
490.0,0.02336572186590074,0.00023594705578239823
491.0,0.022901771115078323,0.00023022368544171098
492.0,0.02299710750115534,0.00022966155418482665
493.0,0.023107509936733946,0.00023199624366216967
494.0,0.023119552944517514,0.00023386862701587176
495.0,0.022862324117332678,0.00022958106591691136
496.0,0.02284290783880853,0.000228344225781684
497.0,0.0234330152467995,0.00023630015216871675
498.0,0.02280702458981937,0.00022858054418236647
499.0,0.022875546849174894,0.00022899358104936117
500.0,0.023113777215786186,0.00023316122333124354
501.0,0.022615909420711677,0.00022919917236774857
502.0,0.023040830993852315,0.00023201853214602016
503.0,0.02255947932441407,0.00022752239026140785
504.0,0.02300045005001757,0.0002332490906356638
505.0,0.022437525432352133,0.00022714798927910481
506.0,0.022464855687779093,0.00022844779719688915
507.0,0.022608265797276556,0.00022929222391865724
508.0,0.022309476303229183,0.00022409253816157445
509.0,0.02296287094847047,0.0002310336009870645
510.0,0.022974643603301776,0.00023222616689397667
511.0,0.023212161221295713,0.00023509808810800732
512.0,0.02301809674376808,0.00023298696453408462
513.0,0.023039036831570367,0.00023107076104999602
514.0,0.02326153755523398,0.00023365244015030554
515.0,0.023060050652876914,0.0002321688752937862
516.0,0.023045402421738276,0.00023124195471700657
517.0,0.023232142783387328,0.00023474419706435995
518.0,0.023215159684629193,0.00023298359666756605
519.0,0.023219018362815397,0.00023253786499174669
520.0,0.02324413663656661,0.00023516529411403853
521.0,0.02299538707139834,0.00023270512316133637
522.0,0.022959061425764773,0.00023394616366653439
523.0,0.022971374786912947,0.00023099723556947862
524.0,0.023288007596117467,0.00023464217714681373
525.0,0.02311195847594439,0.00023466280060876118
526.0,0.02315437935869051,0.00023486808920109513
527.0,0.023522059776109782,0.00023880558121387193
528.0,0.023234305609840276,0.00023659228635132133
529.0,0.023604148853248613,0.00023915239595913025
530.0,0.023798926079393594,0.00023996598209467503
531.0,0.02362081244424403,0.0002380938257866836
532.0,0.023779927620160173,0.00024129163555725735
533.0,0.023660308595820818,0.0002405036300818189
534.0,0.02397256659725744,0.00024360589078636615
535.0,0.023925082735685915,0.00024292274331426077
536.0,0.023951995172801468,0.0002435812561505436
537.0,0.023688130402702644,0.0002422943142500595
538.0,0.023980234798510133,0.00024434799486382035
539.0,0.024091915267510592,0.0002451734631441155
540.0,0.024016953685204505,0.0002443778137379573
541.0,0.024141045826159536,0.0002450172167643838
542.0,0.024284947487060313,0.0002465109230622173
543.0,0.024158569632471566,0.0002468426770028569
544.0,0.02400092911076539,0.0002446433833875883
545.0,0.02425746976642884,0.00024770837049257994
546.0,0.02409894445251625,0.0002462258273496548
547.0,0.023914538960084518,0.00024397393444972623
548.0,0.024498379087786213,0.0002497210312264106
549.0,0.02440643440605193,0.00025005479074882947
550.0,0.02400100284380576,0.00024597997297039914
551.0,0.0241552516604476,0.0002469763321734783
552.0,0.02438787834145274,0.00024830576976271726
553.0,0.02437497511907416,0.0002491223453553686
554.0,0.024261205555887986,0.0002490923751182446
555.0,0.0239816848751087,0.00024539498561558607
556.0,0.024502090300767897,0.00024945201802753747
557.0,0.024280179438489327,0.00024877704426521703
558.0,0.02446672317981415,0.00024939760235711454
559.0,0.024435706288913808,0.0002498867379142925
560.0,0.024357058070979723,0.0002484547884730577
561.0,0.024662606396461978,0.0002525319145691612
562.0,0.02449946050078074,0.00025088937876295526
563.0,0.024748210066619064,0.000252255635848266
564.0,0.02499919619112603,0.00025515298636973255
565.0,0.02489110404705026,0.00025543520615594
566.0,0.025018612469340912,0.00025517145288381877
567.0,0.024971300651152287,0.0002551062146236013
568.0,0.025216142384148578,0.000258036638361876
569.0,0.024457801522287114,0.0002510047187842235
570.0,0.0251435402476919,0.0002595691697517657
571.0,0.02508133442286914,0.00026039399473541783
572.0,0.025397844343965116,0.0002652918589555591
573.0,0.024283423678349146,0.00025203479452257755
574.0,0.024989561784105416,0.00025945746248702485
575.0,0.025951060822961225,0.00027220117299103243
576.0,0.024480462041083433,0.00025546888483794934
577.0,0.025029131668413314,0.0002603038569530196
578.0,0.025476099320889938,0.0002672068893571939
579.0,0.025543122348527177,0.00027024709045520197
580.0,0.024120154893528506,0.00025055879790008726
581.0,0.02530663698959354,0.0002625951804058408
582.0,0.025551110058161113,0.00026911658414490916
583.0,0.025153690783366437,0.00026854143550868973
584.0,0.023439921543954325,0.00024416276211261013
585.0,0.024681211616232428,0.0002570693033725101
586.0,0.026159109935552708,0.0002746833675302754
587.0,0.023427313251417805,0.00024487663664534565
588.0,0.02590581351954291,0.0002713237487232759
589.0,0.024673617147092333,0.00025732367202039517
590.0,0.02439515330195389,0.00025238297153749704
591.0,0.025370612398571416,0.00026260479207539084
592.0,0.0243607201288417,0.00025119721704618684
593.0,0.025696117709822452,0.00026667014955281327
594.0,0.02587162612300861,0.0002708067241965717
595.0,0.024712302239606163,0.00025585668161415764
596.0,0.025724603110459633,0.0002660525430755495
597.0,0.02449115328230169,0.00025285095385667804
598.0,0.0260397366877397,0.00026851033002317276
599.0,0.02495967546126778,0.0002572941558689787
600.0,0.02534718997645037,0.0002645258013828268
601.0,0.02529130058662426,0.00026188792808515195
602.0,0.024940062562522486,0.0002590784070326164
603.0,0.02464424695393948,0.0002555055529757162
604.0,0.025279429621862783,0.00026281083749583363
605.0,0.024605438974244873,0.0002549746407220855
606.0,0.025740406487169295,0.0002669229667097849
607.0,0.024974938131351317,0.00025936134580255537
608.0,0.025007896649686567,0.00026053979694190934
609.0,0.024726065677765245,0.0002568852436963733
610.0,0.024288363768756743,0.00025110904701817317
611.0,0.025598249833585367,0.0002657204485606698
612.0,0.02494055411423507,0.000257316330826363
613.0,0.025727970237861032,0.000265608779140227
614.0,0.027297493731152873,0.00028144362502650585
615.0,0.029009247609986608,0.000296594717986509
616.0,0.029248485657170583,0.00029939890342726766
617.0,0.02996669134955884,0.0003063405338673121
618.0,0.030457923201719365,0.0003104012368737402
619.0,0.025372676914991107,0.0002621899766714546
620.0,0.022835337948104523,0.00023731921610824536
621.0,0.022711688203690815,0.00023735410570930877
622.0,0.020334496669718965,0.00021167134833378301
623.0,0.02223181118774094,0.00023090925475057535
624.0,0.024530256193951612,0.00025244544738885807
625.0,0.026005696756100653,0.0002668442948239822
626.0,0.025834980968684553,0.0002656584646553448
627.0,0.02558107011372986,0.00026218638175422586
628.0,0.02543080286297043,0.00026062906436187603
629.0,0.024037795463231246,0.00024711835025839217
630.0,0.02468688903426043,0.0002538503403630664
631.0,0.024750299159773927,0.0002539712052030791
632.0,0.025448818220634235,0.0002603550939594477
633.0,0.025800842726702994,0.0002636134496755019
634.0,0.02581635117284899,0.00026354465434314737
635.0,0.02583365378055533,0.0002638946477521625
636.0,0.025368080909184486,0.00025911840519474643
637.0,0.0255092298821442,0.0002613940245440838
638.0,0.025507288254863907,0.0002612357347324815
639.0,0.025749426454420323,0.00026349383359265135
640.0,0.02630163525227679,0.0002691665345485279
641.0,0.027208940752885106,0.00027790569841195143
642.0,0.026612049936517918,0.00027202070823402903
643.0,0.025766778217349465,0.00026401010129981745
644.0,0.02508479985978837,0.0002573554586420919
645.0,0.024295294643162175,0.0002509775487944607
646.0,0.024052247073220966,0.0002472747858424728
647.0,0.023999036638347095,0.00024769724517292277
648.0,0.024404640242945305,0.0002506516980885644
649.0,0.024763005762652963,0.0002547522100557098
650.0,0.025015441963552317,0.0002585050747694628
651.0,0.025098563298772136,0.00025868205813348147
652.0,0.025084898170543227,0.00025775161832902147
653.0,0.02504881830143601,0.000256883238112372
654.0,0.024863282240323064,0.00025633117261558605
655.0,0.025254335924228228,0.00025762462320704703
656.0,0.01695876770346507,0.00018501315795182923
657.0,0.041650031545132596,0.00046958840845750334
658.0,0.022048339642789964,0.00023230877426466153
659.0,0.02588121137398174,0.0002673103850801524
660.0,0.025077721520539227,0.00025828604981604635
661.0,0.025184216123069626,0.00025910417689953177
662.0,0.02546169686555605,0.0002612179115193239
663.0,0.025569444923896893,0.00026249323617331954
664.0,0.025609924178228785,0.0002625399322327593
665.0,0.02575444027853835,0.00026337796379533366
666.0,0.02550900868451782,0.0002617071984402032
667.0,0.02540870762882398,0.00026172441619284187
668.0,0.025319810565645987,0.00026105258325371004
669.0,0.025464572441605667,0.0002619438195570193
670.0,0.0253791162373747,0.0002609195713798905
671.0,0.025421242188526302,0.0002616863857691453
672.0,0.02512871997471666,0.0002588734211630823
673.0,0.025355792124926117,0.00026198601251329256
674.0,0.025218280631907723,0.00026047633721569714
675.0,0.025297199202897157,0.00026082894166875643
676.0,0.02525322993382847,0.0002603679978175542
677.0,0.02524330059686271,0.00026032864295365445
678.0,0.025032154709409737,0.00025887705391897467
679.0,0.024940455803583294,0.0002585878335144829
680.0,0.025054692339324364,0.00025923056655979685
681.0,0.025156959600476862,0.0002600605000969764
682.0,0.02504982598159634,0.0002591927253407666
683.0,0.02524364468264917,0.000260607040776605
684.0,0.024840105593388256,0.00025798214701753825
685.0,0.024792842930525513,0.000257896966441711
686.0,0.024902360573227644,0.00025858401154900407
687.0,0.02514017312126982,0.0002603900592463296
688.0,0.02489134982275192,0.0002589117164728196
689.0,0.025033457320597616,0.0002600361303521149
690.0,0.024894692371768775,0.0002585069289916673
691.0,0.024852689308364914,0.00025795440940711055
692.0,0.02485209944625828,0.00025868258791476867
693.0,0.024920425085547277,0.0002592737812300611
694.0,0.02478667396068183,0.000258704422297278
695.0,0.02486153723259386,0.00025940278193349733
696.0,0.024881027243900664,0.0002595916096009047
697.0,0.024799749226701025,0.0002574082849748433
698.0,0.024860210044206923,0.00025833777875795567
699.0,0.024789574113621256,0.0002593913917262916
700.0,0.02490707946564806,0.00026016554731330847
701.0,0.024968670851422844,0.00026021731409864296
702.0,0.02493836671022226,0.0002589181116424093
703.0,0.024858981165595536,0.00025968042292857707
704.0,0.024959921237227158,0.0002609918480991984
705.0,0.0249204496634164,0.00026000184621879213
706.0,0.024944732300183993,0.00026017784570549955
707.0,0.024719896708282372,0.00025769867846893105
708.0,0.024995484977835086,0.00026127841962748986
709.0,0.02491786901849741,0.000260522125087374
710.0,0.024978526456739893,0.0002612866311650663
711.0,0.024778489629950533,0.0002598942257994604
712.0,0.024940750734765472,0.00026159000419300057
713.0,0.024920646283379828,0.0002606298968709626
714.0,0.024817150144234454,0.0002600466123716372
715.0,0.024892898209486834,0.000261500396194429
716.0,0.024884541836558128,0.0002613337056390763
717.0,0.024954956568280392,0.00026273523074335373
718.0,0.024628836818445254,0.00025909248395857476
719.0,0.024532025777849017,0.00025871747751487974
720.0,0.024814348302049892,0.0002612684295413062
721.0,0.02474558026673499,0.00026067621451924454
722.0,0.024720412837606356,0.00026111263725505914
723.0,0.02486706718515964,0.00026290729475462267
724.0,0.024707263838031367,0.0002611129778277914
725.0,0.02463891362190411,0.0002605179625581303
726.0,0.02435887681180084,0.00025859521254479803
727.0,0.024552130229080028,0.00026018284075271807
728.0,0.024579239286932158,0.0002611542247497817
729.0,0.024433395998287203,0.00026055103577676375
730.0,0.024385568049898363,0.0002612949562381557
731.0,0.02447097509957659,0.00026300439531037217
732.0,0.024313949017691534,0.00026125094690381716
733.0,0.02452944513329083,0.0002627543027209745
734.0,0.024413119503931015,0.0002610803208592176
735.0,0.024332726279143953,0.0002617877245464646
736.0,0.024541783072411207,0.0002640789344669471
737.0,0.024405992009768326,0.0002633036057995397
738.0,0.024706624821165812,0.00026602556228235856
739.0,0.02467954034174977,0.0002659176769765098
740.0,0.0242281978825361,0.00026091287348337436
741.0,0.024971202341067485,0.0002679727955548766
742.0,0.024786305296923175,0.000265616687952226
743.0,0.02481995198703752,0.0002648300447623998
744.0,0.024936203884593996,0.0002660145883318784
745.0,0.024853770721359445,0.00026507941837211336
746.0,0.024896511111610575,0.000265888160834775
747.0,0.025035939655122543,0.0002669905132791048
748.0,0.02493829297723343,0.00026557241372930716
749.0,0.02545189041633803,0.0002693155532560908
750.0,0.02501858789172952,0.00026609651456693914
751.0,0.025340504878004325,0.00026863747651265774
752.0,0.02528232977402906,0.00026955387723109274
753.0,0.02548325139302483,0.00027099460583771126
754.0,0.025133094781247534,0.0002665708920448377
755.0,0.02547858165474481,0.0002706885460858662
756.0,0.025271171558503443,0.00026914099172898974
757.0,0.025041371298067404,0.0002669546776480438
758.0,0.025309733762960276,0.0002692983733449726
759.0,0.025773659936995978,0.0002723606737145464
760.0,0.02530046801995604,0.000269393392634156
761.0,0.025235755282945412,0.000268510557075867
762.0,0.025686335837288063,0.00027310531315641616
763.0,0.02568481202867998,0.00027313365623029916
764.0,0.025336891975004352,0.00026931169345004364
765.0,0.02539995801493755,0.00027025314505531306
766.0,0.025832154548218536,0.0002734815305243235
767.0,0.02614746016862378,0.00027736596914935323
768.0,0.02573703936002561,0.000274091947176732
769.0,0.02522014852733313,0.00026904506424164747
770.0,0.025722686060223772,0.0002727993669306404
771.0,0.02575507929530082,0.00027298217784175864
772.0,0.02570612077931316,0.0002730718615217046
773.0,0.025897063905759566,0.0002755128848250138
774.0,0.025652025552490586,0.00027249837790556305
775.0,0.025754169925379915,0.00027355040153725896
776.0,0.025769924146815233,0.00027312752595238474
777.0,0.025601149986524786,0.0002723895465650345
778.0,0.02562577671005816,0.0002720876871884771
779.0,0.025500848931913345,0.00027125597511197525
780.0,0.025488904233492975,0.0002710809973311642
781.0,0.025721825845319502,0.000273463101853583
782.0,0.02546206552967551,0.00027054005715395604
783.0,0.025747312784066407,0.0002738921077137529
784.0,0.02565691648834544,0.00027353787609784934
785.0,0.025660701433542814,0.0002736188184548845
786.0,0.02561643723401355,0.00027286702702412506
787.0,0.025524148466028927,0.00027283399164494877
788.0,0.025554059366426414,0.00027289718646742323
789.0,0.025397205327614993,0.00027115800420014286
790.0,0.025871626122544723,0.00027449692386612173
791.0,0.025876910299357295,0.000276188918139354
792.0,0.025667951816793367,0.0002733983555342433
793.0,0.025943613819953415,0.00027547432461828424
794.0,0.025580676872050536,0.0002720416344300452
795.0,0.025311331304608733,0.0002693788994487739
796.0,0.02619297782442738,0.0002767893825485279
797.0,0.026316750456743462,0.00027901838151718115
798.0,0.02581716223196349,0.00027428891070319816
799.0,0.025878802772754894,0.00027485842099460355
800.0,0.026027398748722414,0.0002769616736032061
801.0,0.026138194425671085,0.000277609817943814
802.0,0.026080977847509575,0.0002765351274160781
803.0,0.026249801162198137,0.0002776752454075073
804.0,0.026119810404506328,0.0002775486665347195
805.0,0.026130034673221236,0.0002773924958442981
806.0,0.02605740795977168,0.00027673330186493136
807.0,0.026080658339128343,0.00027565354061812557
808.0,0.02635128194019817,0.0002790764677827156
809.0,0.026249235877239013,0.00027877422999222283
810.0,0.026463847201662755,0.0002799109044295691
811.0,0.02648749082177097,0.00027989330825728116
812.0,0.02648122354179095,0.0002804550989469883
813.0,0.026551736584938136,0.000281941237011507
814.0,0.026335232788250732,0.0002795954600515832
815.0,0.026263908685576716,0.00027853295440171414
816.0,0.026827668940638105,0.0002844181716176494
817.0,0.026607994637801308,0.000282332136766209
818.0,0.02649063675087593,0.00028198070539576224
819.0,0.026651447777597564,0.0002844285022728355
820.0,0.026760793378256927,0.0002846924069094516
821.0,0.0268236382202545,0.00028383492496309815
822.0,0.02691629565091538,0.00028552067543782236
823.0,0.026987251090088454,0.0002866668480163479
824.0,0.026759711965468565,0.0002864232262693437
825.0,0.026431650587579993,0.0002835723447668439
826.0,0.026526421689728748,0.0002847098138658043
827.0,0.026506218928412928,0.0002847652890927704
828.0,0.02662905761355751,0.00028670994916292356
829.0,0.026523865622318076,0.00028553740125648755
830.0,0.026575945489541584,0.0002879776298831839
831.0,0.026536596803323945,0.00028711920190786446
832.0,0.026588185117958643,0.0002881832968915959
833.0,0.02648613905541183,0.0002869732105022617
834.0,0.026291877957559967,0.0002858354386643917
835.0,0.026414520022534943,0.0002875599007044679
836.0,0.02650557991221744,0.00028778422342893423
837.0,0.026760375559017745,0.000288943413389969
838.0,0.026587718143857464,0.0002879117104864693
839.0,0.026395546139882067,0.00028696303121680816
840.0,0.02647097469675321,0.0002877257965949528
841.0,0.026396308044804622,0.0002862780295288469
842.0,0.026755607511013725,0.00028879855721799857
843.0,0.026783380163445888,0.0002892741077764463
844.0,0.026552473911269973,0.00028796665593405286
845.0,0.02654006223988237,0.00028859550125815407
846.0,0.02663596391076388,0.0002877431657129593
847.0,0.02659919586869208,0.00028839823499722246
848.0,0.026706427798430552,0.00028880839593230695
849.0,0.02668993624989025,0.0002890348756082057
850.0,0.026713383249261886,0.00028886371979208
851.0,0.02663758602976602,0.0002890249233706055
852.0,0.026713137473611773,0.0002897092817578764
853.0,0.02652472583778932,0.00028682907330934053
854.0,0.026364701292158448,0.0002858413797383541
855.0,0.02675555835646098,0.0002893623913332275
856.0,0.027129137389483093,0.0002925441564284581
857.0,0.02693703911880578,0.0002905881061468137
858.0,0.026869696582581135,0.0002902806462696611
859.0,0.02708145690846357,0.00029177416336425676
860.0,0.02710153678156775,0.0002928074177581938
861.0,0.027041149697102224,0.00029203897619260375
862.0,0.027073518354052434,0.00029197858162090305
863.0,0.02728205901861422,0.00029352651438409647
864.0,0.027355201860820785,0.00029262914779144513
865.0,0.027252271006119107,0.0002930841505669391
866.0,0.027303097416759018,0.00029412205943456866
867.0,0.02735407129250037,0.0002941311034842473
868.0,0.027144817878084204,0.00029164141637989045
869.0,0.027315853174190798,0.0002940142119693675
870.0,0.02720333706748513,0.00029480982352860885
871.0,0.02734861507271725,0.0002941699285705896
872.0,0.027392068212358876,0.00029464154364248867
873.0,0.027458550534194676,0.00029486264986009045
874.0,0.027683263238142384,0.00029800937399642884
875.0,0.027598151120161757,0.00029693404016411395
876.0,0.027632117319585113,0.00029791707926331247
877.0,0.02759208046076369,0.00029676901462899767
878.0,0.02780890376645084,0.00029884721634838504
879.0,0.027779042020606094,0.0002981975205187683
880.0,0.027811386100151072,0.00029791798745440836
881.0,0.028026390665377904,0.0003001483108682644
882.0,0.027963054272543985,0.00029914532944155223
883.0,0.027972000507012363,0.0002994530920502341
884.0,0.028058538124753292,0.00030124279234084594
885.0,0.028120473596159903,0.00030152856920593604
886.0,0.028161026583480627,0.0003006361219776208
887.0,0.027983527386657433,0.0003004775672825966
888.0,0.028293794605590963,0.0003024447050330132
889.0,0.028327048055469192,0.00030234389603523527
890.0,0.02836664251676999,0.000303013799082295
891.0,0.028282808432159672,0.00030111299697730337
892.0,0.02874267930789111,0.0003057155861934767
893.0,0.028514574899291406,0.00030340413121601463
894.0,0.028641395149802965,0.000304197775035394
895.0,0.02871702032632829,0.0003048490601948258
896.0,0.028736657804025095,0.00030476615009078647
897.0,0.02890299878387947,0.00030550931372660896
898.0,0.028969776036021223,0.0003037990042987858
899.0,0.029198199953517582,0.0003066195749912705
900.0,0.029139090901803846,0.00030718197114221093
901.0,0.0291274902894792,0.0003053866703422744
902.0,0.02916991117294692,0.0003051587905432902
903.0,0.029208891195251278,0.000305630594823268
904.0,0.02936105091873825,0.00030623658404610747
905.0,0.0294628020499998,0.0003073306871141973
906.0,0.029515742132333753,0.00030709962865217044
907.0,0.02950485426883263,0.0003058123461804619
908.0,0.029772676027924067,0.00030813821865478927
909.0,0.029895834220985993,0.00030936132242909294
910.0,0.02963609848233489,0.0003075836177977938
911.0,0.02973804623402376,0.0003074735755493215
912.0,0.029705308914088024,0.000307497264145544
913.0,0.02971973594589937,0.00030738033479223875
914.0,0.029691668363315885,0.0003077468269630188
915.0,0.029612037043606012,0.0003085369893881438
916.0,0.02969643641142299,0.00030902911440092054
917.0,0.02976407387862364,0.0003097857495076581
918.0,0.029752792775711086,0.0003092075357310531
919.0,0.029755078488984007,0.0003100154078439013
920.0,0.029492393442531482,0.00031097426640790414
921.0,0.029542335060346474,0.0003115182717237521
922.0,0.029597634588169032,0.00031237942426315374
923.0,0.029153075538620166,0.00031215986952900566
924.0,0.029264092413349835,0.0003137940802683914
925.0,0.028959183104063077,0.00031265876812252994
926.0,0.02875818775305779,0.00031349963776993887
927.0,0.028758605571163026,0.00031375396857741446
928.0,0.02844637214785323,0.00031445387970224586
929.0,0.02833692823710907,0.00031354538780223795
930.0,0.028049542734237428,0.00031609191240417425
931.0,0.027969616483087666,0.0003152911165990001
932.0,0.0277156810506762,0.00031530057690405526
933.0,0.027629561252689876,0.0003152150935980478
934.0,0.027367957618407192,0.00031712925364717085
935.0,0.026962722676691427,0.00031594134221426867
936.0,0.026939128211599838,0.00031786151901801445
937.0,0.026673051460031433,0.00031579788616173317
938.0,0.026304387940011685,0.000316987954555194
939.0,0.02605337723779024,0.0003159437262060947
940.0,0.02579553397233057,0.00031626904713292597
941.0,0.02566458468944351,0.00031874870631799063
942.0,0.02507899955463113,0.0003159652200124593
943.0,0.02482110713307243,0.00031690765548932624
944.0,0.024209224000037853,0.0003159848596037616
945.0,0.02413804736318686,0.00031951813175097214
946.0,0.023659030562398965,0.00031847030849083407
947.0,0.023398164256200584,0.00032005922329275455
948.0,0.023195227276059466,0.0003222085286618522
949.0,0.0221052121356289,0.00032011969355614633
950.0,0.022042711379830132,0.00032437066220125383
951.0,0.021147670085920323,0.0003221020813218792
952.0,0.0207139988978624,0.00032393983995580167
953.0,0.020030840817118884,0.00032372948064352035
954.0,0.019792856226415415,0.00033024940856789145
955.0,0.019194417023158692,0.00032801178181112605
956.0,0.018960487730759493,0.00032810453062518844
957.0,0.018921606017509085,0.00032832223113879845
958.0,0.018755977787199837,0.0003284544483451313
959.0,0.01882314828060856,0.00032955608181810963
960.0,0.01862839563212652,0.0003284498695585271
961.0,0.01888375656295818,0.0003277470825028172
962.0,0.0191897964395345,0.0003257922809859535
963.0,0.01966999296335018,0.0003286918641362661
964.0,0.019673581289254182,0.0003242116912475201
965.0,0.020275338463658654,0.0003272687316931196
966.0,0.020579461290772257,0.0003294702579403222
967.0,0.020861513461556985,0.0003289911124704389
968.0,0.021365378182937652,0.0003266517685193239
969.0,0.02177093263293157,0.00033028713626140783
970.0,0.021733378108944327,0.0003252153916528053
971.0,0.0216409418756521,0.0003255578168154908
972.0,0.022134139933065112,0.00032595272774160777
973.0,0.02266582646153378,0.00033067137596563763
974.0,0.023444345505914167,0.00033093558333465594
975.0,0.022955792608499722,0.00033100891960638045
976.0,0.023517684968805765,0.00032816995808594555
977.0,0.024318250091233576,0.00033203441655059115
978.0,0.02401658502180664,0.0003271935412026823
979.0,0.024041432942708673,0.0003291360064807555
980.0,0.024283669453329215,0.0003280138630729307
981.0,0.024628443577229816,0.0003264928354124276
982.0,0.02522437586855639,0.0003305656854554401
983.0,0.025681051660733208,0.0003296752059677803
984.0,0.02510060323721963,0.0003263485090123006
985.0,0.025628553975043662,0.0003294851673775891
986.0,0.02605866141563367,0.0003297181935858265
987.0,0.026206446331816628,0.000326834806472899
988.0,0.02670011136260922,0.00032847310406983573
989.0,0.026310827263219965,0.0003276752220365844
990.0,0.026866624386361913,0.000326657028448139
991.0,0.026919515312803004,0.00032325230291191175
992.0,0.027860516658800023,0.00032778571838861995
993.0,0.02772366876036167,0.000329345911710023
994.0,0.027070028338697122,0.0003217075488067614
995.0,0.028040449034255278,0.00032763779707078804
996.0,0.027670925299228176,0.0003285019390692802
997.0,0.028507619447274573,0.00032874340387310525
998.0,0.028243828409236806,0.0003278769913963971
999.0,0.028734347512161456,0.0003308378394694865
1000.0,0.028614433558031584,0.0003256523820128561
1001.0,0.02891634440346943,0.0003241475125500357
1002.0,0.02962024595143329,0.0003291213240898341
1003.0,0.029688325814556746,0.0003300146038253313
1004.0,0.02949263921776926,0.0003287990683004523
1005.0,0.02994916754345298,0.00032906955730315054
1006.0,0.03009351160074046,0.00032871142804579
1007.0,0.030174076868601147,0.00032796584256971674
1008.0,0.02986159766897118,0.00032844809102118875
1009.0,0.030871858601480243,0.00033640068737473216
1010.0,0.030439317983082855,0.000329690304608047
1011.0,0.03147877706618657,0.00033404204440552336
1012.0,0.030862076730543687,0.00032826539363733036
1013.0,0.03144675249543517,0.0003324203969525434
1014.0,0.03125573563682461,0.00033580998600388857
1015.0,0.03153510885260555,0.0003274715606114594
1016.0,0.03183488144971728,0.00032749751968534245
1017.0,0.03226383374432392,0.000333081445152845
1018.0,0.03284740351886718,0.0003373826669270693
1019.0,0.03184016562632368,0.000331931715499008
1020.0,0.03269637436333983,0.000337935072989604
1021.0,0.0328510655760591,0.0003378953397171653
1022.0,0.03361009460964812,0.00033927026243750496
1023.0,0.0321127554333676,0.0003372278963548925
1024.0,0.03281653409327445,0.0003385151409805571
1025.0,0.03418648773454817,0.00034250371863860015
1026.0,0.0334056829762248,0.0003370617734164749
1027.0,0.03420148005116402,0.0003461166086970875
1028.0,0.034326973113185555,0.00034303599317212917
1029.0,0.03404573200228847,0.0003455829718746131
1030.0,0.03507184546652382,0.00034301692120022214
1031.0,0.03540047212880453,0.0003509276273256091
1032.0,0.034460330996629394,0.000344222239599873
1033.0,0.03511829707052978,0.00034855626971414964
1034.0,0.03596133223051417,0.000351274025813983
1035.0,0.03591942747740129,0.00034539285760899925
1036.0,0.03650869924768703,0.0003493493459115943
1037.0,0.03479760896240248,0.0003452630622341084
1038.0,0.03643943966096881,0.0003511457440984049
1039.0,0.03766780193299921,0.00035480264349194504
1040.0,0.03655438894651272,0.00035267774571653043
1041.0,0.03869256363108161,0.00035317827146869296
1042.0,0.03659069001494723,0.0003508696924297278
1043.0,0.03815065283467117,0.0003614706819408777
1044.0,0.038278996894667044,0.00036401497391587965
1045.0,0.03982807185130221,0.00036405243672240294
1046.0,0.03875712890201149,0.0003622744293617967
1047.0,0.03851209054967028,0.00036259710140996743
1048.0,0.03875671108349391,0.0003674581839698437
1049.0,0.03900172485966692,0.00036313259244893264
1050.0,0.04133081809214304,0.00037098506095119434
1051.0,0.04015746041768079,0.0003672258010599159
1052.0,0.03927932849021035,0.00037073848758654076
1053.0,0.039849306869255814,0.00035532296020831676
1054.0,0.0408411592042773,0.00036491718418157286
1055.0,0.04083388424382768,0.000376179751660265
1056.0,0.03948312568417334,0.00036767013262042696
1057.0,0.04011091050328077,0.00037781078374113163
1058.0,0.04012654183691681,0.0003657153311002301
1059.0,0.04110657236100794,0.0003742104569599238
1060.0,0.04230757979963919,0.0003771674830718991
1061.0,0.03991291361566051,0.000380207230086263
1062.0,0.040610842814208015,0.000385203330099992
1063.0,0.04072043419067212,0.00037360465693667166
1064.0,0.042255573665352965,0.0003854757111743512
1065.0,0.04008962632958894,0.00037488437117070075
1066.0,0.038508797154793835,0.00037460332446202684
1067.0,0.03976407186440367,0.0003848379731641139
1068.0,0.04060587814577667,0.00037820955446782
1069.0,0.04182168128064798,0.0003664987199406396
1070.0,0.040450695381087115,0.0003809797585037696
1071.0,0.03897009352951244,0.00037619462326259827
1072.0,0.041263033159583254,0.00038864124238314416
1073.0,0.041145036254761465,0.00038584890124164744
1074.0,0.042308169661745824,0.00039081836104174275
1075.0,0.039128397644613164,0.0003592772915589239
1076.0,0.04278578554012709,0.00040478018028204107
1077.0,0.04094885810739534,0.0003632602308702484
1078.0,0.04131924205748134,0.0003702765977039124
1079.0,0.04253423413251655,0.0003949659096426474
1080.0,0.041616778095563633,0.00039298878181088804
1081.0,0.04190234485823268,0.0003935351711238791
1082.0,0.040335893560644626,0.0003575732637810491
1083.0,0.044254663893175665,0.0003934366325926514
1084.0,0.045523038445333695,0.0004104200350603921
1085.0,0.04208886402235843,0.0004088812598715181
1086.0,0.04329953044505472,0.0004150925169987302
1087.0,0.04075889808442563,0.0003863757266432822
1088.0,0.04347435068651333,0.00041671355899166733
1089.0,0.036759783683000403,0.0003654209264394096
1090.0,0.043762645558326554,0.0004422619422119673
1091.0,0.04268789308730947,0.0004061812134508372
1092.0,0.04306530622121564,0.000405584041224744
1093.0,0.04124243715715508,0.00038107508051916515
1094.0,0.04399800034955828,0.0004225161310017459
1095.0,0.043445865285154546,0.00043966679164185386
1096.0,0.04100926976905992,0.00042257372533505285
1097.0,0.045691615984165955,0.000403253325073645
1098.0,0.047467074920004626,0.0004324724575612253
1099.0,0.04416035976399415,0.00043319480852860884
1100.0,0.04292514035147492,0.00045243385018022377
